{"url":"https:\/\/altaircom.bitrix24.ru\/rest\/90\/03tsz286e0dj3vh5\/crm.lead.add.json","info":{"url":"https:\/\/altaircom.bitrix24.ru\/rest\/90\/03tsz286e0dj3vh5\/crm.lead.add.json","content_type":"application\/json; charset=utf-8","http_code":200,"header_size":1104,"request_size":172,"filetime":-1,"ssl_verify_result":0,"redirect_count":0,"total_time":0.31705499999999997573496557379257865250110626220703125,"namelookup_time":0.000867999999999999956486196328597770843771286308765411376953125,"connect_time":0.0111179999999999994109156631338919396512210369110107421875,"pretransfer_time":0.034847999999999997033928167411431786604225635528564453125,"size_upload":1225,"size_download":289,"speed_download":911,"speed_upload":3863,"download_content_length":-1,"upload_content_length":1225,"starttransfer_time":0.034849999999999999034105968576113809831440448760986328125,"redirect_time":0,"redirect_url":"","primary_ip":"46.235.53.69","certinfo":[],"primary_port":443,"local_ip":"5.101.157.143","local_port":20979,"http_version":3,"protocol":2,"ssl_verifyresult":0,"scheme":"HTTPS","appconnect_time_us":34713,"connect_time_us":11118,"namelookup_time_us":868,"pretransfer_time_us":34848,"redirect_time_us":0,"starttransfer_time_us":34850,"total_time_us":317055},"params":{"method":"crm.lead.add","params":{"fields":{"TITLE":"\u041d\u043e\u0432\u0430\u044f \u0437\u0430\u044f\u0432\u043a\u0430 \u0441 \u0441\u0430\u0439\u0442\u0430 - \u0410\u043b\u044c\u0442\u0430\u0438\u0440","NAME":"\u041a\u043e\u043d\u0441\u0442\u0430\u043d\u0442\u0438\u043d \u0418\u0433\u043e\u0440\u0435\u0432\u0438\u0447 \u041a\u043e\u0440\u0441\u0443\u043d\u043e\u0432","PHONE":[{"VALUE":"+79112273303","VALUE_TYPE":"WORK"}],"EMAIL":[],"SOURCE_ID":"WEB","COMMENTS":"\u0418\u043c\u044f: \u041a\u043e\u043d\u0441\u0442\u0430\u043d\u0442\u0438\u043d \u0418\u0433\u043e\u0440\u0435\u0432\u0438\u0447 \u041a\u043e\u0440\u0441\u0443\u043d\u043e\u0432\n\u0422\u0435\u043b\u0435\u0444\u043e\u043d: +79112273303\n\u041d\u0430\u0437\u0432\u0430\u043d\u0438\u0435 \u043e\u0440\u0433\u0430\u043d\u0438\u0437\u0430\u0446\u0438\u0438: 7801282416\n\u041e\u0431\u044a\u0451\u043c \u043f\u043e\u0442\u0440\u0435\u0431\u043b\u0435\u043d\u0438\u044f \u043a\u043e\u043c\u043f\u043e\u043d\u0435\u043d\u0442\u043e\u0432: 10000\n\u0421\u043e\u043e\u0431\u0449\u0435\u043d\u0438\u0435: \u041a\u043b\u0435\u043c\u043c\u044b \u0441\u043e\u0435\u0434\u0438\u043d\u0438\u0442\u0435\u043b\u044c\u043d\u044b\u0435\n","SOURCE_DESCRIPTION":null,"UF_CRM_1671448491":null}}},"result":{"result":4782,"time":{"start":1679170532.6073958873748779296875,"finish":1679170532.84088611602783203125,"duration":0.2334902286529541015625,"processing":0.203300952911376953125,"date_start":"2023-03-18T23:15:32+03:00","date_finish":"2023-03-18T23:15:32+03:00","operating_reset_at":1679171132,"operating":0.74299907684326171875}}}