{"url":"https:\/\/altaircom.bitrix24.ru\/rest\/90\/03tsz286e0dj3vh5\/crm.lead.add.json","info":{"url":"https:\/\/altaircom.bitrix24.ru\/rest\/90\/03tsz286e0dj3vh5\/crm.lead.add.json","content_type":"application\/json; charset=utf-8","http_code":200,"header_size":1099,"request_size":172,"filetime":-1,"ssl_verify_result":0,"redirect_count":0,"total_time":0.7845370000000000398898691855720244348049163818359375,"namelookup_time":0.00088999999999999994913790768436001599184237420558929443359375,"connect_time":0.0251760000000000004616307336391400895081460475921630859375,"pretransfer_time":0.0551210000000000033271163601966691203415393829345703125,"size_upload":1245,"size_download":288,"speed_download":367,"speed_upload":1586,"download_content_length":-1,"upload_content_length":1245,"starttransfer_time":0.055126000000000001388666959201145800761878490447998046875,"redirect_time":0,"redirect_url":"","primary_ip":"178.132.201.50","certinfo":[],"primary_port":443,"local_ip":"5.101.157.143","local_port":7147,"http_version":3,"protocol":2,"ssl_verifyresult":0,"scheme":"HTTPS","appconnect_time_us":54626,"connect_time_us":25176,"namelookup_time_us":890,"pretransfer_time_us":55121,"redirect_time_us":0,"starttransfer_time_us":55126,"total_time_us":784537},"params":{"method":"crm.lead.add","params":{"fields":{"TITLE":"\u041d\u043e\u0432\u0430\u044f \u0437\u0430\u044f\u0432\u043a\u0430 \u0441 \u0441\u0430\u0439\u0442\u0430 - \u0410\u043b\u044c\u0442\u0430\u0438\u0440","NAME":"\u0424\u0430\u0438\u043b\u044c","PHONE":[{"VALUE":"+79871878479","VALUE_TYPE":"WORK"}],"EMAIL":[],"SOURCE_ID":"WEB","COMMENTS":"\u0418\u043c\u044f: \u0424\u0430\u0438\u043b\u044c\n\u0422\u0435\u043b\u0435\u0444\u043e\u043d: +79871878479\n\u0421\u043e\u043e\u0431\u0449\u0435\u043d\u0438\u0435: 8 \u0448\u0442 \u043d\u0443\u0436\u043d\u043e, \u043f\u0440\u043e\u0448\u0443 \u0441\u043e\u043e\u0431\u0449\u0438\u0442\u044c \u0441\u0440\u043e\u043a \u043f\u043e\u0441\u0442\u0430\u0432\u043a\u0438 \u0438 \u0446\u0435\u043d\u0443\n\u0421\u0442\u0440\u0430\u043d\u0438\u0446\u0430 \u043e\u0442\u043f\u0440\u0430\u0432\u043a\u0438: https:\/\/altaircom.ru","SOURCE_DESCRIPTION":"https:\/\/altaircom.ru","UF_CRM_1671448491":"\u041a\u043b\u0430\u043f\u0430\u043d \u0432\u044b\u0440\u0430\u0432\u043d\u0438\u0432\u0430\u043d\u0438\u044f \u0434\u0430\u0432\u043b\u0435\u043d\u0438\u044f \u043f\u043b\u0430\u0441\u0442\u0438\u043a\u043e\u0432\u044b\u0439 \u0430\u0440\u0442. OMVPL01ML"}}},"result":{"result":4876,"time":{"start":1679903533.9930360317230224609375,"finish":1679903534.6405160427093505859375,"duration":0.647480010986328125,"processing":0.6019070148468017578125,"date_start":"2023-03-27T10:52:13+03:00","date_finish":"2023-03-27T10:52:14+03:00","operating_reset_at":1679904134,"operating":0.60188198089599609375}}}