{"url":"https:\/\/altaircom.bitrix24.ru\/rest\/90\/03tsz286e0dj3vh5\/crm.lead.add.json","info":{"url":"https:\/\/altaircom.bitrix24.ru\/rest\/90\/03tsz286e0dj3vh5\/crm.lead.add.json","content_type":"application\/json; charset=utf-8","http_code":200,"header_size":1101,"request_size":172,"filetime":-1,"ssl_verify_result":0,"redirect_count":0,"total_time":0.65933399999999997564970044550136663019657135009765625,"namelookup_time":0.00094899999999999997378485883103849118924699723720550537109375,"connect_time":0.0105920000000000007200906537718765321187674999237060546875,"pretransfer_time":0.032754999999999999393818228554664528928697109222412109375,"size_upload":1175,"size_download":289,"speed_download":438,"speed_upload":1782,"download_content_length":-1,"upload_content_length":1175,"starttransfer_time":0.032758000000000002394084930301687563769519329071044921875,"redirect_time":0,"redirect_url":"","primary_ip":"95.163.249.170","certinfo":[],"primary_port":443,"local_ip":"5.101.157.143","local_port":16553,"http_version":3,"protocol":2,"ssl_verifyresult":0,"scheme":"HTTPS","appconnect_time_us":32592,"connect_time_us":10592,"namelookup_time_us":949,"pretransfer_time_us":32755,"redirect_time_us":0,"starttransfer_time_us":32758,"total_time_us":659334},"params":{"method":"crm.lead.add","params":{"fields":{"TITLE":"\u041d\u043e\u0432\u0430\u044f \u0437\u0430\u044f\u0432\u043a\u0430 \u0441 \u0441\u0430\u0439\u0442\u0430 - \u0410\u043b\u044c\u0442\u0430\u0438\u0440","NAME":"\u041e\u043b\u0435\u0433","PHONE":[{"VALUE":"+79833163539","VALUE_TYPE":"WORK"}],"EMAIL":[],"SOURCE_ID":"WEB","COMMENTS":"\u0418\u043c\u044f: \u041e\u043b\u0435\u0433\n\u0422\u0435\u043b\u0435\u0444\u043e\u043d: +79833163539\n\u0421\u0442\u0440\u0430\u043d\u0438\u0446\u0430 \u043e\u0442\u043f\u0440\u0430\u0432\u043a\u0438: https:\/\/altaircom.ru\/product-category\/katalog\/ventilyacziya-vlagozashhishhennyh-korpusov\/plastikovyj-klapan-vyravnivaniya-davleniya","SOURCE_DESCRIPTION":"https:\/\/altaircom.ru\/product-category\/katalog\/ventilyacziya-vlagozashhishhennyh-korpusov\/plastikovyj-klapan-vyravnivaniya-davleniya","UF_CRM_1671448491":"\u041a\u043b\u0430\u043f\u0430\u043d \u0432\u044b\u0440\u0430\u0432\u043d\u0438\u0432\u0430\u043d\u0438\u044f \u0434\u0430\u0432\u043b\u0435\u043d\u0438\u044f \u043f\u043b\u0430\u0441\u0442\u0438\u043a\u043e\u0432\u044b\u0439 \u0430\u0440\u0442. OMVPB01H"}}},"result":{"result":4344,"time":{"start":1676955610.9191401004791259765625,"finish":1676955611.4955489635467529296875,"duration":0.576408863067626953125,"processing":0.53894901275634765625,"date_start":"2023-02-21T08:00:10+03:00","date_finish":"2023-02-21T08:00:11+03:00","operating_reset_at":1676956210,"operating":0.5388720035552978515625}}}